{
    "layernum[2]_bsz1_seq4096": 58.394028854370106,
    "layernum[2]_bsz1_seq4096_attention": 19.219894695281987,
    "layernum[2]_bsz1_seq4096_mlp": 22.51133117675781,
    "layernum[2]_bsz2_seq4096_mlp": 41.11559410095215,
    "layernum[2]_bsz3_seq4096_mlp": 60.17427215576173,
    "layernum[2]_bsz4_seq4096_mlp": 79.56950073242189,
    "layernum[2]_bsz5_seq4096_mlp": 97.05234146118165,
    "layernum[2]_bsz6_seq4096_mlp": 116.09645156860351,
    "layernum[2]_bsz7_seq4096_mlp": 135.00591430664062,
    "layernum[2]_bsz8_seq4096_mlp": 153.50804290771487,
    "layernum[2]_bsz9_seq4096_mlp": 173.01717681884767,
    "layernum[2]_bsz10_seq4096_mlp": 192.38068847656248,
    "layernum[2]_bsz11_seq4096_mlp": 211.63232574462893,
    "layernum[2]_bsz12_seq4096_mlp": 230.99938354492187,
    "layernum[4]_bsz1_seq4096_mlp": 35.930467224121095,
    "layernum[4]_bsz2_seq4096_mlp": 66.68552017211914,
    "layernum[4]_bsz3_seq4096_mlp": 99.00167465209961,
    "layernum[4]_bsz4_seq4096_mlp": 128.0885772705078,
    "layernum[4]_bsz5_seq4096_mlp": 159.21557159423827,
    "layernum[4]_bsz6_seq4096_mlp": 189.21370697021484,
    "layernum[4]_bsz7_seq4096_mlp": 220.66034088134768,
    "layernum[4]_bsz8_seq4096_mlp": 250.46267395019527,
    "layernum[4]_bsz9_seq4096_mlp": 282.60792236328126,
    "layernum[4]_bsz10_seq4096_mlp": 314.2051025390625,
    "layernum[4]_bsz11_seq4096_mlp": 345.8096221923828,
    "layernum[4]_bsz12_seq4096_mlp": 378.0780212402343,
    "layertype_0_bsz1_seq4096_mlp": 6.709568023681642,
    "layertype_0_bsz2_seq4096_mlp": 6.392481517791747,
    "layertype_0_bsz3_seq4096_mlp": 6.471233749389647,
    "layertype_0_bsz4_seq4096_mlp": 6.064884567260741,
    "layertype_0_bsz5_seq4096_mlp": 6.2163230133056615,
    "layertype_0_bsz6_seq4096_mlp": 6.093104616800944,
    "layertype_0_bsz7_seq4096_mlp": 6.11817332676479,
    "layertype_0_bsz8_seq4096_mlp": 6.059664440155025,
    "layertype_0_bsz9_seq4096_mlp": 6.088374752468533,
    "layertype_0_bsz10_seq4096_mlp": 6.091220703125002,
    "layertype_0_bsz11_seq4096_mlp": 6.098968020352448,
    "layertype_0_bsz12_seq4096_mlp": 6.128276570638018
}