{
    "inter_node": 13.205903053283691,
    "intra_node": 141.6555938720703
}